{"cameraMode":{"drawMode":0,"name":"Shaded","section":"Shading Mode"},"sceneLighting":true,"audioPlay":false,"sceneViewState":{"m_AlwaysRefresh":false,"showFog":true,"showSkybox":true,"showFlares":true,"showImageEffects":true,"showParticleSystems":true,"showVisualEffectGraphs":true,"m_FxEnabled":true},"in2DMode":false,"pivot":{"x":0.8523146510124207,"y":3.630080223083496,"z":-3.4788246154785158},"rotation":{"x":0.013314134441316128,"y":0.9614781737327576,"z":0.04733367636799812,"w":-0.2704485356807709},"size":0.05500233173370361,"orthographic":false}