{"cameraMode":{"drawMode":0,"name":"Shaded","section":"Shading Mode"},"sceneLighting":false,"audioPlay":false,"sceneViewState":{"m_AlwaysRefresh":false,"showFog":true,"showSkybox":false,"showFlares":true,"showImageEffects":true,"showParticleSystems":true,"showVisualEffectGraphs":true,"m_FxEnabled":true},"in2DMode":false,"pivot":{"x":-0.0000021457672119140627,"y":0.3545920252799988,"z":0.0007600784301757813},"rotation":{"x":0.07015722244977951,"y":-0.9292643070220947,"z":0.23959363996982575,"w":0.27249959111213686},"size":1.7039313316345215,"orthographic":false}