{"cameraMode":{"drawMode":0,"name":"Shaded","section":"Shading Mode"},"sceneLighting":false,"audioPlay":false,"sceneViewState":{"m_AlwaysRefresh":false,"showFog":true,"showSkybox":false,"showFlares":true,"showImageEffects":true,"showParticleSystems":true,"showVisualEffectGraphs":true,"m_FxEnabled":true},"in2DMode":false,"pivot":{"x":-0.000010251998901367188,"y":-0.01117512583732605,"z":0.00022149085998535156},"rotation":{"x":0.21555811166763307,"y":-0.20506997406482697,"z":0.04634808376431465,"w":0.9535987973213196},"size":2.0068764686584474,"orthographic":false}