{"cameraMode":{"drawMode":0,"name":"Shaded","section":"Shading Mode"},"sceneLighting":false,"audioPlay":false,"sceneViewState":{"m_AlwaysRefresh":false,"showFog":true,"showSkybox":false,"showFlares":true,"showImageEffects":true,"showParticleSystems":true,"showVisualEffectGraphs":true,"m_FxEnabled":true},"in2DMode":false,"pivot":{"x":-0.19317775964736939,"y":0.3735845983028412,"z":-0.5873824954032898},"rotation":{"x":0.08337096124887467,"y":-0.44388678669929507,"z":0.04161075875163078,"w":0.8912908434867859},"size":1.254259705543518,"orthographic":false}