{"cameraMode":{"drawMode":0,"name":"Shaded","section":"Shading Mode"},"sceneLighting":false,"audioPlay":false,"sceneViewState":{"m_AlwaysRefresh":false,"showFog":true,"showSkybox":false,"showFlares":true,"showImageEffects":true,"showParticleSystems":true,"showVisualEffectGraphs":true,"m_FxEnabled":true},"in2DMode":false,"pivot":{"x":0.025759845972061158,"y":-0.04811922460794449,"z":0.0023426152765750887},"rotation":{"x":0.17648258805274964,"y":-0.6153590083122253,"z":0.14404332637786866,"w":0.7546882033348084},"size":0.14034008979797364,"orthographic":false}