{"cameraMode":{"drawMode":0,"name":"Shaded","section":"Shading Mode"},"sceneLighting":false,"audioPlay":false,"sceneViewState":{"m_AlwaysRefresh":false,"showFog":true,"showSkybox":false,"showFlares":true,"showImageEffects":true,"showParticleSystems":true,"showVisualEffectGraphs":true,"m_FxEnabled":true},"in2DMode":false,"pivot":{"x":0.000046193599700927734,"y":7.450580596923828e-9,"z":-0.07801535725593567},"rotation":{"x":0.21555811166763307,"y":-0.20506997406482697,"z":0.04634808376431465,"w":0.9535987973213196},"size":0.5065805912017822,"orthographic":false}