{"cameraMode":{"drawMode":0,"name":"Shaded","section":"Shading Mode"},"sceneLighting":false,"audioPlay":false,"sceneViewState":{"m_AlwaysRefresh":false,"showFog":true,"showSkybox":false,"showFlares":true,"showImageEffects":true,"showParticleSystems":true,"showVisualEffectGraphs":true,"m_FxEnabled":true},"in2DMode":false,"pivot":{"x":0.00637054443359375,"y":1.622686743736267,"z":0.036775946617126468},"rotation":{"x":0.1933867484331131,"y":-0.08236591517925263,"z":0.016388244926929475,"w":0.977580189704895},"size":3.1472249031066896,"orthographic":false}