{"cameraMode":{"drawMode":0,"name":"Shaded","section":"Shading Mode"},"sceneLighting":false,"audioPlay":false,"sceneViewState":{"m_AlwaysRefresh":false,"showFog":true,"showSkybox":false,"showFlares":true,"showImageEffects":true,"showParticleSystems":true,"showVisualEffectGraphs":true,"m_FxEnabled":true},"in2DMode":false,"pivot":{"x":-7.152557373046875e-7,"y":1.3076348304748536,"z":-1.1920928955078126e-7},"rotation":{"x":0.21555811166763307,"y":-0.20506997406482697,"z":0.04634808376431465,"w":0.9535987973213196},"size":1.342598557472229,"orthographic":false}