{"cameraMode":{"drawMode":0,"name":"Shaded","section":"Shading Mode"},"sceneLighting":false,"audioPlay":false,"sceneViewState":{"m_AlwaysRefresh":false,"showFog":true,"showSkybox":false,"showFlares":true,"showImageEffects":true,"showParticleSystems":true,"showVisualEffectGraphs":true,"m_FxEnabled":true},"in2DMode":false,"pivot":{"x":-0.17465078830718995,"y":-40.354331970214847,"z":143.9220428466797},"rotation":{"x":-0.15863721072673798,"y":-0.0032281663734465839,"z":0.0005277452291920781,"w":-0.9873413443565369},"size":82.22393035888672,"orthographic":false}