{"cameraMode":{"drawMode":0,"name":"Shaded","section":"Shading Mode"},"sceneLighting":false,"audioPlay":false,"sceneViewState":{"m_AlwaysRefresh":false,"showFog":true,"showSkybox":false,"showFlares":true,"showImageEffects":true,"showParticleSystems":true,"showVisualEffectGraphs":true,"m_FxEnabled":true},"in2DMode":false,"pivot":{"x":0.00000286102294921875,"y":1.3055940866470338,"z":-7.450580596923828e-8},"rotation":{"x":-0.1704736053943634,"y":-0.0032216005492955448,"z":0.0005664457567036152,"w":-0.9853666424751282},"size":1.5506592988967896,"orthographic":false}