{"cameraMode":{"drawMode":0,"name":"Shaded","section":"Shading Mode"},"sceneLighting":false,"audioPlay":false,"sceneViewState":{"m_AlwaysRefresh":false,"showFog":true,"showSkybox":false,"showFlares":true,"showImageEffects":true,"showParticleSystems":true,"showVisualEffectGraphs":true,"m_FxEnabled":true},"in2DMode":false,"pivot":{"x":-0.001734226942062378,"y":1.6169421672821046,"z":-0.0000013113021850585938},"rotation":{"x":-0.1704736053943634,"y":-0.0032216005492955448,"z":0.0005664457567036152,"w":-0.9853666424751282},"size":2.1434545516967775,"orthographic":false}