{"cameraMode":{"drawMode":0,"name":"Shaded","section":"Shading Mode"},"sceneLighting":false,"audioPlay":false,"sceneViewState":{"m_AlwaysRefresh":false,"showFog":true,"showSkybox":false,"showFlares":true,"showImageEffects":true,"showParticleSystems":true,"showVisualEffectGraphs":true,"m_FxEnabled":true},"in2DMode":false,"pivot":{"x":-0.6674132943153381,"y":1.1498291492462159,"z":0.4649728834629059},"rotation":{"x":-0.07344717532396317,"y":-0.38832762837409975,"z":0.031014129519462587,"w":-0.9181047081947327},"size":2.9748356342315676,"orthographic":false}