{"cameraMode":{"drawMode":0,"name":"Shaded","section":"Shading Mode"},"sceneLighting":false,"audioPlay":false,"sceneViewState":{"m_AlwaysRefresh":false,"showFog":true,"showSkybox":false,"showFlares":true,"showImageEffects":true,"showParticleSystems":true,"showVisualEffectGraphs":true,"m_FxEnabled":true},"in2DMode":false,"pivot":{"x":-0.000009417533874511719,"y":1.3127737045288087,"z":3.129243850708008e-7},"rotation":{"x":-0.07809866219758988,"y":0.05770410597324371,"z":-0.004527062643319368,"w":-0.995270311832428},"size":1.5506592988967896,"orthographic":false}