{"cameraMode":{"drawMode":0,"name":"Shaded","section":"Shading Mode"},"sceneLighting":false,"audioPlay":false,"sceneViewState":{"m_AlwaysRefresh":false,"showFog":true,"showSkybox":false,"showFlares":true,"showImageEffects":true,"showParticleSystems":true,"showVisualEffectGraphs":true,"m_FxEnabled":true},"in2DMode":false,"pivot":{"x":0.28248414397239687,"y":1.00165855884552,"z":0.09711144119501114},"rotation":{"x":0.07990973442792893,"y":-0.8877447843551636,"z":0.16875311732292176,"w":0.4209064245223999},"size":1.254624843597412,"orthographic":false}