{"cameraMode":{"drawMode":0,"name":"Shaded","section":"Shading Mode"},"sceneLighting":false,"audioPlay":false,"sceneViewState":{"m_AlwaysRefresh":false,"showFog":true,"showSkybox":false,"showFlares":true,"showImageEffects":true,"showParticleSystems":true,"showVisualEffectGraphs":true,"m_FxEnabled":true},"in2DMode":false,"pivot":{"x":-0.0358922965824604,"y":1.1016621589660645,"z":0.023514052852988244},"rotation":{"x":0.06677345186471939,"y":-0.6399452090263367,"z":0.05608508735895157,"w":0.763532280921936},"size":1.3047982454299927,"orthographic":false}